model,horizon,rmse
Koopman,1,0.12366943753327009
GNN,1,0.07434686005071323
CV,1,0.04174791884750862
MeanField,1,0.15946743552739245
Koopman,5,0.7121013783833715
GNN,5,1.0008316305922735
CV,5,0.3747545769265166
MeanField,5,0.8936468566108575
Koopman,10,1.530899224015496
GNN,10,1.4552275210850163
CV,10,0.9374310982660822
MeanField,10,1.8845215556927455
Koopman,20,3.1684627016585276
GNN,20,2.5696620074411056
CV,20,2.183977597662836
MeanField,20,3.930587590616683
Koopman,30,4.7019561794386036
GNN,30,3.8646088867360353
CV,30,3.479987763935619
MeanField,30,5.9716526470847375
